Id,OrderId,TimeOfDelivery,Note,Staffid,RestaurantId,Status
1,238,26/2/2024,volutpat erat quisque erat eros viverra eget congue,454,95,failed
2,122,16/2/2024,cras mi pede malesuada,241,175,failed
3,389,11/12/2023,donec ut mauris eget massa tempor convallis nulla neque libero,261,183,failed
4,229,20/4/2024,eget rutrum at lorem integer tincidunt,288,41,completed
5,77,15/12/2023,sollicitudin ut suscipit a feugiat et eros vestibulum,273,328,failed
6,171,27/9/2024,elit sodales scelerisque mauris sit,487,147,failed
7,145,19/6/2024,rutrum neque aenean auctor gravida sem praesent id massa,439,90,completed
8,271,23/1/2024,curabitur in libero,243,249,completed
9,142,28/6/2024,quis lectus suspendisse potenti,253,149,completed
10,499,1/2/2024,mauris laoreet ut rhoncus aliquet pulvinar sed nisl nunc rhoncus,356,259,failed
11,241,3/10/2024,primis in faucibus orci luctus et,420,274,failed
12,269,20/9/2024,interdum mauris non,443,192,completed
13,439,11/5/2024,ipsum primis in faucibus orci luctus et,423,139,failed
14,109,31/3/2024,magna vestibulum aliquet ultrices,445,447,failed
15,314,29/6/2024,at velit eu est,189,454,failed
16,122,7/9/2024,orci luctus et ultrices posuere cubilia curae duis faucibus,319,489,completed
17,184,6/11/2024,rhoncus sed vestibulum sit amet cursus,469,408,failed
18,29,10/8/2024,nunc viverra dapibus nulla suscipit ligula in,318,451,failed
19,357,30/7/2024,neque sapien placerat ante nulla justo aliquam quis turpis,162,404,completed
20,343,10/11/2024,convallis morbi odio odio elementum eu interdum eu,137,177,completed
21,353,8/9/2024,rutrum rutrum neque aenean auctor gravida sem praesent id massa,433,373,failed
22,13,9/10/2024,pulvinar lobortis est phasellus sit amet erat nulla,8,78,failed
23,404,20/7/2024,rutrum rutrum neque aenean auctor gravida sem praesent,93,216,completed
24,377,19/6/2024,erat tortor sollicitudin mi,83,424,completed
25,368,25/11/2024,pulvinar lobortis est phasellus sit amet erat nulla,141,99,completed
26,378,27/1/2024,tempor turpis nec euismod scelerisque quam turpis adipiscing lorem,141,410,failed
27,244,7/7/2024,vestibulum eget vulputate ut ultrices,446,480,completed
28,342,17/7/2024,posuere metus vitae ipsum aliquam non mauris morbi non lectus,249,350,failed
29,31,3/10/2024,aliquet at feugiat non,304,291,failed
30,427,2/2/2024,pharetra magna vestibulum aliquet ultrices erat tortor sollicitudin mi sit,60,446,completed
31,37,28/4/2024,pretium iaculis diam erat fermentum justo,102,129,completed
32,270,11/10/2024,orci luctus et,107,125,failed
33,289,22/5/2024,massa quis augue luctus tincidunt nulla mollis molestie,13,213,completed
34,169,12/11/2024,a odio in hac,316,458,completed
35,198,24/8/2024,vivamus vestibulum sagittis sapien cum sociis natoque penatibus,453,468,failed
36,289,12/2/2024,semper sapien a libero nam dui proin leo,450,425,failed
37,219,5/2/2024,urna pretium nisl ut volutpat,125,393,completed
38,458,10/5/2024,adipiscing molestie hendrerit at vulputate vitae nisl,415,371,completed
39,357,20/5/2024,tempus semper est quam pharetra,160,311,failed
40,446,23/8/2024,mauris viverra diam vitae quam suspendisse potenti nullam,350,289,completed
41,318,23/8/2024,quis lectus suspendisse potenti in eleifend quam a odio,52,234,completed
42,446,28/2/2024,lorem id ligula,344,143,failed
43,487,30/8/2024,et magnis dis parturient montes nascetur ridiculus mus etiam vel,246,474,failed
44,10,26/4/2024,nisi at nibh in hac habitasse platea,43,200,completed
45,263,18/3/2024,blandit mi in porttitor,35,481,completed
46,449,2/2/2024,lorem quisque ut erat curabitur gravida nisi at nibh in,364,209,completed
47,374,19/1/2024,ac nulla sed vel,216,379,completed
48,476,28/6/2024,rutrum ac lobortis vel dapibus at diam nam,348,110,completed
49,69,11/10/2024,tellus in sagittis dui vel nisl duis,160,151,completed
50,211,3/10/2024,quam turpis adipiscing lorem,315,193,completed
51,407,3/4/2024,metus aenean fermentum donec ut,8,250,completed
52,327,14/11/2024,id lobortis convallis tortor risus dapibus,388,122,failed
53,361,13/7/2024,nunc proin at turpis a pede posuere nonummy integer,316,117,failed
54,207,21/6/2024,nullam varius nulla facilisi cras non velit,455,73,failed
55,222,8/1/2024,sed justo pellentesque viverra pede ac,478,256,failed
56,17,18/1/2024,nulla ut erat id mauris vulputate elementum nullam varius,84,70,completed
57,83,6/7/2024,ultrices vel augue vestibulum ante,248,242,completed
58,60,29/12/2023,consequat ut nulla sed accumsan felis ut at,215,199,completed
59,265,30/8/2024,curae duis faucibus accumsan odio curabitur convallis duis consequat,333,163,completed
60,392,17/4/2024,etiam justo etiam pretium iaculis justo in hac,243,320,failed
61,173,7/1/2024,tellus nulla ut erat,423,226,failed
62,29,8/11/2024,curae mauris viverra diam vitae quam suspendisse potenti nullam porttitor,120,451,completed
63,149,25/4/2024,massa id lobortis convallis tortor risus dapibus augue vel,313,263,failed
64,32,7/8/2024,mauris laoreet ut,283,118,failed
65,113,21/5/2024,volutpat sapien arcu sed,493,197,failed
66,405,1/2/2024,blandit mi in porttitor pede justo eu massa donec dapibus,62,210,failed
67,255,12/1/2024,rutrum at lorem integer tincidunt ante vel,241,49,failed
68,428,13/8/2024,nisl duis bibendum felis sed interdum venenatis,474,181,completed
69,7,1/11/2024,nec nisi volutpat eleifend donec ut,321,372,completed
70,243,31/12/2023,interdum eu tincidunt in leo maecenas pulvinar lobortis,145,383,completed
71,201,6/11/2024,at feugiat non pretium quis lectus,227,80,failed
72,402,10/2/2024,at turpis donec posuere metus vitae ipsum aliquam non mauris,472,417,completed
73,30,26/1/2024,vitae ipsum aliquam non mauris morbi non lectus aliquam sit,249,295,completed
74,133,9/4/2024,molestie lorem quisque ut erat curabitur gravida,497,441,completed
75,408,5/1/2024,nisi at nibh in hac habitasse platea dictumst aliquam augue,83,88,failed
76,410,16/9/2024,ante ipsum primis in faucibus orci luctus et,180,61,completed
77,221,11/5/2024,metus vitae ipsum aliquam non mauris morbi,44,327,failed
78,232,31/5/2024,consectetuer eget rutrum at lorem integer,391,283,failed
79,309,18/11/2024,suspendisse potenti in eleifend quam a odio in hac,312,163,failed
80,421,15/7/2024,convallis nulla neque libero convallis eget,79,109,failed
81,434,1/4/2024,est risus auctor sed tristique,183,239,failed
82,405,25/9/2024,massa tempor convallis nulla neque libero convallis,470,118,failed
83,328,27/10/2024,bibendum imperdiet nullam orci,491,127,failed
84,156,26/10/2024,mauris laoreet ut rhoncus aliquet,212,284,completed
85,455,31/7/2024,tincidunt in leo maecenas,415,133,failed
86,418,25/11/2024,interdum eu tincidunt in leo maecenas pulvinar lobortis,106,315,failed
87,447,11/2/2024,vivamus vel nulla eget eros,171,316,failed
88,475,22/5/2024,nam congue risus,219,263,failed
89,231,24/11/2024,donec odio justo sollicitudin ut suscipit a feugiat,280,175,completed
90,65,24/9/2024,nibh in lectus pellentesque at nulla,359,266,completed
91,143,13/11/2024,cubilia curae duis faucibus accumsan,496,25,failed
92,273,20/12/2023,accumsan tortor quis turpis sed ante vivamus tortor duis mattis,422,110,failed
93,373,29/6/2024,sit amet sapien dignissim vestibulum vestibulum,97,89,completed
94,332,4/6/2024,aliquet pulvinar sed nisl nunc rhoncus dui,340,324,failed
95,109,5/5/2024,vestibulum ante ipsum primis in faucibus,463,52,completed
96,446,20/3/2024,non pretium quis lectus,345,437,completed
97,210,21/1/2024,dis parturient montes nascetur ridiculus mus etiam vel augue vestibulum,458,309,completed
98,362,2/10/2024,nunc donec quis orci eget orci vehicula condimentum curabitur,206,184,failed
99,3,8/2/2024,congue elementum in hac habitasse platea,391,262,completed
100,145,15/11/2024,sed tincidunt eu felis fusce posuere felis sed lacus morbi,35,475,completed
101,321,11/3/2024,ipsum primis in faucibus orci luctus et,68,241,failed
102,458,18/10/2024,sit amet nunc viverra,315,227,failed
103,49,13/5/2024,quisque porta volutpat erat quisque erat eros viverra,185,16,completed
104,179,8/3/2024,nulla ac enim in,129,114,failed
105,304,9/12/2023,sapien sapien non mi integer ac neque duis bibendum morbi,445,227,failed
106,345,8/8/2024,montes nascetur ridiculus mus vivamus vestibulum sagittis,366,289,failed
107,220,11/3/2024,montes nascetur ridiculus mus vivamus vestibulum sagittis sapien cum,314,42,completed
108,364,4/8/2024,vulputate vitae nisl aenean,376,181,completed
109,25,25/3/2024,leo rhoncus sed vestibulum sit,196,190,completed
110,471,21/8/2024,et ultrices posuere cubilia curae nulla dapibus dolor vel est,472,192,completed
111,51,13/1/2024,quisque erat eros viverra eget congue eget semper,212,87,failed
112,57,17/10/2024,morbi vestibulum velit id pretium iaculis,47,153,completed
113,118,28/5/2024,augue vel accumsan tellus nisi eu,121,464,completed
114,308,2/6/2024,volutpat dui maecenas tristique,350,406,completed
115,246,19/10/2024,nibh in hac habitasse platea,178,349,failed
116,7,16/3/2024,ipsum primis in faucibus orci luctus et ultrices,63,490,completed
117,494,15/8/2024,enim in tempor turpis nec euismod,397,373,failed
118,224,6/6/2024,quam suspendisse potenti nullam porttitor lacus at turpis donec,80,39,completed
119,116,27/7/2024,sagittis sapien cum sociis natoque penatibus et magnis,56,492,completed
120,144,14/4/2024,accumsan felis ut at,88,350,completed
121,277,27/10/2024,mauris vulputate elementum nullam varius nulla facilisi cras non velit,486,239,completed
122,343,30/11/2024,neque vestibulum eget,213,455,failed
123,281,23/6/2024,sed accumsan felis ut at dolor,169,282,failed
124,23,18/6/2024,nisl nunc rhoncus dui vel sem,488,479,failed
125,138,14/6/2024,nascetur ridiculus mus etiam vel augue vestibulum rutrum rutrum neque,239,10,failed
126,79,9/7/2024,sed tristique in tempus sit amet sem,232,262,failed
127,138,20/11/2024,praesent blandit lacinia erat vestibulum sed magna,144,71,failed
128,309,8/11/2024,nibh fusce lacus purus,159,143,completed
129,473,4/5/2024,consequat dui nec nisi volutpat eleifend donec,482,224,failed
130,187,1/1/2024,nisl ut volutpat sapien,380,321,completed
131,359,31/12/2023,faucibus orci luctus et ultrices posuere cubilia curae donec pharetra,314,147,failed
132,321,27/7/2024,lorem id ligula suspendisse ornare consequat lectus,256,167,completed
133,59,27/7/2024,ut rhoncus aliquet,391,201,completed
134,363,22/2/2024,interdum mauris ullamcorper purus sit amet nulla quisque arcu libero,304,409,completed
135,233,1/7/2024,justo aliquam quis turpis eget elit sodales scelerisque mauris,476,485,failed
136,234,17/4/2024,convallis nulla neque libero convallis eget eleifend luctus ultricies,430,189,completed
137,454,19/1/2024,pretium nisl ut,216,484,failed
138,94,25/12/2023,dictumst etiam faucibus,304,459,completed
139,79,1/2/2024,aliquam lacus morbi quis tortor id nulla ultrices,25,258,completed
140,478,31/12/2023,curae mauris viverra diam vitae quam suspendisse,227,412,completed
141,104,8/6/2024,curabitur convallis duis consequat dui nec nisi volutpat eleifend,440,207,completed
142,347,29/11/2024,vel dapibus at,334,484,completed
143,45,10/7/2024,sed ante vivamus,24,313,completed
144,351,24/11/2024,adipiscing molestie hendrerit at vulputate vitae,155,146,failed
145,408,11/3/2024,erat id mauris vulputate,205,170,completed
146,428,23/4/2024,lectus pellentesque at nulla suspendisse potenti cras in,434,279,completed
147,350,5/7/2024,dolor sit amet consectetuer adipiscing elit,380,324,completed
148,122,13/11/2024,suscipit nulla elit ac nulla sed vel enim sit amet,17,107,completed
149,146,24/3/2024,eu est congue elementum in hac habitasse platea dictumst morbi,49,154,failed
150,453,30/3/2024,iaculis diam erat fermentum justo nec condimentum neque sapien,333,451,failed
151,74,29/4/2024,augue vestibulum rutrum rutrum neque aenean auctor gravida sem praesent,343,123,failed
152,279,23/11/2024,ridiculus mus etiam vel,411,390,completed
153,295,11/8/2024,ultrices erat tortor sollicitudin mi sit amet,128,384,failed
154,28,25/8/2024,odio cras mi pede,313,403,failed
155,334,28/5/2024,lectus pellentesque at nulla suspendisse,169,142,failed
156,498,11/12/2023,cubilia curae duis faucibus accumsan odio curabitur convallis duis,258,12,failed
157,355,14/1/2024,sem duis aliquam convallis nunc proin at turpis a,363,473,completed
158,428,23/5/2024,nibh fusce lacus,147,428,completed
159,339,9/11/2024,aenean auctor gravida sem praesent id massa id,26,183,failed
160,451,25/3/2024,massa id lobortis convallis tortor risus,51,79,completed
161,132,1/11/2024,dui luctus rutrum nulla tellus in sagittis dui vel,483,278,failed
162,403,9/9/2024,a suscipit nulla elit ac nulla sed vel enim,318,148,failed
163,372,10/9/2024,dictumst morbi vestibulum velit id pretium iaculis diam,245,203,completed
164,361,22/6/2024,odio odio elementum eu interdum eu,145,437,completed
165,190,22/4/2024,eu sapien cursus vestibulum proin eu mi nulla ac,438,166,completed
166,436,19/7/2024,adipiscing molestie hendrerit at vulputate vitae nisl aenean,42,233,failed
167,283,29/7/2024,nisi nam ultrices libero non mattis pulvinar nulla pede ullamcorper,261,146,failed
168,184,6/2/2024,integer tincidunt ante vel ipsum praesent blandit lacinia erat vestibulum,213,337,failed
169,137,4/10/2024,felis sed interdum venenatis turpis enim blandit mi,330,154,failed
170,411,19/11/2024,vitae nisi nam ultrices libero non mattis pulvinar nulla pede,5,15,completed
171,199,14/10/2024,erat curabitur gravida,115,473,completed
172,52,1/9/2024,felis sed lacus morbi sem mauris laoreet ut,412,32,completed
173,179,29/3/2024,adipiscing elit proin,216,9,failed
174,156,23/5/2024,in tempor turpis nec euismod scelerisque quam turpis adipiscing,381,461,failed
175,400,9/10/2024,curae mauris viverra,95,294,failed
176,173,21/6/2024,eros viverra eget congue eget semper rutrum nulla,313,238,completed
177,250,19/1/2024,id turpis integer aliquet,42,57,failed
178,421,26/9/2024,vestibulum ante ipsum primis in,185,325,failed
179,156,14/6/2024,faucibus cursus urna ut tellus nulla ut erat id,326,60,completed
180,419,29/2/2024,sed justo pellentesque viverra,242,214,completed
181,407,22/8/2024,velit vivamus vel nulla eget eros elementum pellentesque quisque,125,398,completed
182,85,10/3/2024,donec ut dolor,22,259,completed
183,4,16/11/2024,ut odio cras mi pede,306,219,failed
184,111,18/1/2024,posuere felis sed lacus morbi sem,289,362,failed
185,111,15/10/2024,molestie hendrerit at vulputate vitae nisl aenean lectus pellentesque,484,432,failed
186,317,12/12/2023,semper rutrum nulla nunc purus phasellus in felis donec semper,290,386,failed
187,51,9/6/2024,dapibus nulla suscipit ligula in lacus,184,309,completed
188,111,23/11/2024,mus vivamus vestibulum sagittis sapien cum sociis,127,263,failed
189,103,21/9/2024,adipiscing elit proin risus praesent lectus vestibulum quam sapien,59,464,failed
190,398,12/8/2024,ac nulla sed vel enim sit amet,85,19,failed
191,481,12/5/2024,sem duis aliquam convallis nunc proin,90,483,failed
192,321,10/3/2024,risus dapibus augue vel accumsan tellus,208,225,failed
193,38,4/3/2024,consequat ut nulla sed,135,162,completed
194,264,5/7/2024,eget tempus vel,123,176,completed
195,194,1/1/2024,venenatis turpis enim blandit mi,463,466,failed
196,174,6/7/2024,ridiculus mus etiam vel augue vestibulum rutrum,78,403,completed
197,94,21/1/2024,ipsum ac tellus semper interdum mauris,146,11,failed
198,202,20/7/2024,nisl duis bibendum felis sed interdum,413,244,failed
199,244,25/2/2024,vestibulum ante ipsum primis,302,194,failed
200,440,12/9/2024,luctus et ultrices posuere cubilia curae,77,153,failed
201,341,9/1/2024,vestibulum aliquet ultrices erat tortor sollicitudin mi sit amet lobortis,374,468,completed
202,338,22/7/2024,eget tincidunt eget tempus,3,217,completed
203,288,18/11/2024,in faucibus orci luctus,219,124,completed
204,360,25/7/2024,posuere metus vitae ipsum aliquam non mauris morbi non lectus,260,399,completed
205,374,16/5/2024,lorem ipsum dolor sit amet consectetuer adipiscing elit proin,5,364,failed
206,356,28/11/2024,eu nibh quisque id,443,280,completed
207,157,16/2/2024,eget eleifend luctus ultricies eu nibh quisque id,292,412,failed
208,384,18/9/2024,sit amet erat nulla tempus,167,409,failed
209,361,24/8/2024,in lacus curabitur at ipsum,32,268,completed
210,466,2/5/2024,ac est lacinia nisi,243,169,failed
211,104,9/12/2023,mi in porttitor pede justo eu massa donec,294,320,failed
212,398,22/5/2024,lacinia eget tincidunt eget,282,85,failed
213,64,19/8/2024,cum sociis natoque penatibus et magnis dis parturient montes nascetur,102,8,completed
214,194,14/11/2024,elementum ligula vehicula consequat,302,223,failed
215,424,27/7/2024,magnis dis parturient montes,182,360,failed
216,111,31/10/2024,nisl aenean lectus pellentesque eget nunc donec quis,244,260,completed
217,92,2/6/2024,ante ipsum primis,129,396,completed
218,180,11/9/2024,aenean fermentum donec ut,106,479,completed
219,365,10/10/2024,orci luctus et ultrices,487,455,failed
220,454,24/5/2024,duis bibendum morbi,56,245,failed
221,414,2/1/2024,cras in purus eu,44,258,failed
222,54,13/7/2024,ac leo pellentesque ultrices,456,393,failed
223,311,27/12/2023,adipiscing molestie hendrerit at vulputate vitae nisl,449,287,completed
224,250,14/11/2024,sit amet consectetuer adipiscing elit proin,262,127,failed
225,245,10/9/2024,sapien cursus vestibulum proin eu mi,389,114,completed
226,475,26/3/2024,nulla justo aliquam quis,389,486,failed
227,108,8/10/2024,semper est quam pharetra magna ac consequat metus sapien ut,218,99,failed
228,263,2/2/2024,nascetur ridiculus mus vivamus,111,42,failed
229,53,25/5/2024,sapien ut nunc vestibulum ante ipsum,357,259,completed
230,93,13/6/2024,nulla sed vel enim sit amet nunc viverra dapibus nulla,4,347,failed
231,292,19/8/2024,orci vehicula condimentum curabitur in libero ut massa volutpat,57,417,completed
232,301,21/7/2024,in faucibus orci luctus et,294,308,completed
233,266,13/3/2024,nibh quisque id justo sit amet,163,9,completed
234,290,7/9/2024,justo maecenas rhoncus aliquam lacus,133,10,failed
235,20,4/7/2024,imperdiet et commodo vulputate justo in blandit ultrices enim lorem,259,489,failed
236,122,26/2/2024,congue elementum in hac,489,154,failed
237,175,7/8/2024,rhoncus sed vestibulum,257,365,failed
238,247,21/5/2024,est lacinia nisi venenatis tristique,203,460,failed
239,212,9/7/2024,quis turpis sed ante vivamus tortor duis mattis egestas,327,288,completed
240,102,3/8/2024,lacus morbi sem mauris laoreet ut rhoncus aliquet,367,294,failed
241,103,31/5/2024,eros vestibulum ac est lacinia nisi,455,287,completed
242,54,4/7/2024,neque vestibulum eget vulputate ut ultrices,474,225,failed
243,234,8/11/2024,cras mi pede malesuada in imperdiet,204,29,completed
244,421,24/1/2024,at ipsum ac tellus semper interdum mauris ullamcorper purus sit,484,357,failed
245,339,5/10/2024,phasellus sit amet erat nulla tempus,403,233,completed
246,383,10/1/2024,potenti in eleifend quam a odio in,245,292,failed
247,399,12/3/2024,lacinia sapien quis libero nullam sit amet,448,128,failed
248,322,22/4/2024,nunc proin at turpis a pede posuere nonummy integer non,432,280,completed
249,297,11/3/2024,lorem ipsum dolor sit amet consectetuer,73,151,completed
250,63,25/3/2024,eu interdum eu tincidunt,14,218,failed
251,324,21/10/2024,vulputate luctus cum sociis,15,456,completed
252,474,7/2/2024,tellus nisi eu orci mauris lacinia sapien,47,434,failed
253,268,17/11/2024,venenatis lacinia aenean sit,128,463,failed
254,114,9/9/2024,morbi ut odio,48,259,completed
255,465,12/12/2023,quam sapien varius ut,85,488,completed
256,444,2/10/2024,in felis donec semper sapien,116,267,completed
257,231,14/8/2024,ut nulla sed accumsan,357,445,completed
258,354,20/1/2024,in hac habitasse platea dictumst,172,56,failed
259,347,18/4/2024,curabitur in libero ut massa,214,381,completed
260,264,12/4/2024,tellus nisi eu orci mauris lacinia sapien quis libero,37,119,failed
261,121,19/12/2023,leo pellentesque ultrices mattis odio,371,337,completed
262,377,27/11/2024,id luctus nec,106,480,failed
263,385,21/5/2024,amet nulla quisque arcu libero,251,3,failed
264,388,24/12/2023,ut mauris eget,124,176,completed
265,452,18/4/2024,eu mi nulla,85,419,failed
266,425,18/9/2024,rhoncus sed vestibulum sit amet cursus,206,40,failed
267,65,15/12/2023,ac nulla sed vel enim sit amet nunc viverra dapibus,391,68,completed
268,99,4/11/2024,risus praesent lectus,451,359,completed
269,77,22/11/2024,nonummy maecenas tincidunt,350,357,completed
270,411,15/6/2024,faucibus orci luctus et ultrices posuere,135,108,completed
271,440,22/10/2024,luctus rutrum nulla tellus in sagittis dui vel nisl,269,8,completed
272,441,26/9/2024,mattis odio donec vitae nisi nam,321,22,completed
273,218,16/2/2024,duis bibendum morbi non,491,411,completed
274,37,17/12/2023,rutrum nulla tellus in sagittis dui vel nisl duis ac,131,192,failed
275,243,24/12/2023,non quam nec dui,487,370,completed
276,454,1/4/2024,a libero nam dui proin leo odio porttitor id,259,286,failed
277,315,24/9/2024,vestibulum sit amet cursus id,461,404,completed
278,455,6/10/2024,in felis donec semper sapien a libero nam dui proin,40,84,completed
279,263,26/3/2024,morbi non quam nec dui,72,61,failed
280,222,16/1/2024,placerat praesent blandit nam nulla integer pede justo lacinia,189,213,failed
281,242,8/5/2024,massa id nisl,132,353,failed
282,202,4/10/2024,vehicula condimentum curabitur in libero ut,495,169,completed
283,414,11/6/2024,neque sapien placerat,308,198,failed
284,389,12/3/2024,tempor turpis nec euismod scelerisque quam turpis adipiscing lorem,401,45,completed
285,27,17/11/2024,volutpat erat quisque erat eros viverra eget congue,281,241,failed
286,414,9/11/2024,id ornare imperdiet sapien urna,390,164,failed
287,19,17/9/2024,id ornare imperdiet sapien urna pretium nisl ut volutpat sapien,293,170,failed
288,13,6/4/2024,sapien arcu sed augue aliquam erat volutpat in congue,297,282,completed
289,349,15/11/2024,pellentesque ultrices mattis odio donec vitae nisi nam,317,391,completed
290,233,9/9/2024,in sagittis dui vel nisl duis,256,222,failed
291,1,21/10/2024,pharetra magna vestibulum aliquet ultrices erat tortor,176,107,completed
292,477,3/10/2024,interdum mauris ullamcorper purus sit amet nulla,357,475,completed
293,345,26/6/2024,etiam faucibus cursus urna ut tellus nulla ut erat id,219,140,failed
294,485,16/6/2024,bibendum morbi non quam nec,177,451,failed
295,199,21/11/2024,et magnis dis parturient montes nascetur ridiculus mus etiam,495,413,completed
296,460,31/5/2024,mi integer ac neque duis bibendum morbi non quam,416,464,failed
297,246,2/9/2024,quis odio consequat,194,165,completed
298,253,30/7/2024,tellus semper interdum mauris,305,103,failed
299,240,25/10/2024,sem fusce consequat nulla nisl nunc nisl duis,343,44,completed
300,423,28/6/2024,faucibus accumsan odio curabitur,422,243,failed
301,347,13/11/2024,in tempor turpis nec euismod scelerisque,353,471,completed
302,82,24/8/2024,urna ut tellus nulla ut,467,483,completed
303,231,19/3/2024,porta volutpat erat quisque,5,189,failed
304,450,23/2/2024,quam turpis adipiscing lorem vitae mattis nibh ligula nec sem,316,28,completed
305,299,8/5/2024,leo maecenas pulvinar lobortis est phasellus sit amet erat,185,55,failed
306,463,11/5/2024,euismod scelerisque quam turpis,357,399,failed
307,143,26/9/2024,ut erat curabitur gravida nisi,217,139,completed
308,282,14/11/2024,neque duis bibendum,438,136,completed
309,287,31/5/2024,maecenas rhoncus aliquam lacus morbi quis tortor,189,52,failed
310,462,18/12/2023,cubilia curae duis faucibus accumsan odio,2,449,failed
311,116,2/8/2024,lorem id ligula suspendisse ornare consequat,301,333,failed
312,326,21/3/2024,ipsum primis in,252,454,completed
313,465,23/6/2024,in imperdiet et commodo vulputate justo in,19,280,failed
314,374,24/12/2023,arcu sed augue aliquam erat volutpat in congue etiam,320,408,failed
315,166,25/7/2024,sit amet consectetuer,259,151,failed
316,406,1/11/2024,mauris ullamcorper purus sit amet nulla,204,341,failed
317,236,18/7/2024,aliquet maecenas leo odio condimentum id luctus nec,430,157,completed
318,194,16/6/2024,morbi a ipsum,410,424,completed
319,496,29/10/2024,rhoncus aliquet pulvinar sed nisl nunc rhoncus dui vel,219,66,failed
320,346,29/3/2024,risus dapibus augue vel accumsan tellus nisi,483,328,failed
321,465,13/6/2024,turpis elementum ligula vehicula consequat morbi,488,419,completed
322,361,17/5/2024,morbi a ipsum integer,230,413,failed
323,232,9/1/2024,odio condimentum id luctus nec molestie sed,224,71,failed
324,199,27/6/2024,primis in faucibus orci luctus et ultrices,38,100,completed
325,205,11/9/2024,curabitur convallis duis consequat dui nec,254,320,completed
326,251,5/5/2024,sit amet consectetuer adipiscing elit proin risus,82,499,failed
327,362,14/2/2024,penatibus et magnis dis parturient montes nascetur ridiculus mus,54,60,completed
328,306,12/11/2024,imperdiet et commodo vulputate justo in blandit ultrices enim,44,238,failed
329,238,27/10/2024,eros suspendisse accumsan tortor quis turpis sed ante vivamus,365,41,failed
330,198,28/5/2024,nunc rhoncus dui vel sem,211,53,failed
331,102,9/6/2024,id pretium iaculis diam erat fermentum,214,478,failed
332,257,8/8/2024,in felis eu sapien cursus vestibulum proin eu mi nulla,248,102,failed
333,304,10/1/2024,semper sapien a libero nam dui proin leo odio,72,157,completed
334,352,19/7/2024,amet diam in magna bibendum imperdiet nullam orci,380,79,failed
335,463,5/10/2024,pretium iaculis diam erat fermentum justo nec condimentum,191,286,completed
336,325,25/11/2024,lobortis est phasellus sit amet,49,349,failed
337,88,18/4/2024,dui maecenas tristique est,386,116,failed
338,54,3/12/2023,pulvinar sed nisl nunc rhoncus dui vel sem sed sagittis,163,277,failed
339,419,20/1/2024,ligula vehicula consequat,18,419,failed
340,462,28/11/2024,felis fusce posuere,10,353,failed
341,126,28/6/2024,nec dui luctus rutrum nulla,226,20,completed
342,23,6/12/2023,maecenas tristique est et tempus semper,90,203,completed
343,131,5/4/2024,at nunc commodo placerat praesent blandit,229,227,failed
344,7,10/8/2024,vitae nisl aenean lectus pellentesque eget,216,139,completed
345,298,21/6/2024,amet eleifend pede libero quis orci nullam molestie nibh,171,157,failed
346,379,5/3/2024,nisl nunc nisl duis bibendum felis sed interdum,7,294,completed
347,13,12/1/2024,nunc vestibulum ante ipsum primis in,238,103,completed
348,263,29/2/2024,vel enim sit amet nunc,493,386,failed
349,215,28/3/2024,duis bibendum morbi non quam nec dui luctus rutrum nulla,296,408,completed
350,38,14/3/2024,purus aliquet at,85,3,completed
351,10,10/5/2024,commodo placerat praesent blandit nam nulla integer pede justo lacinia,284,298,failed
352,357,24/3/2024,enim in tempor turpis nec euismod scelerisque quam turpis adipiscing,121,286,failed
353,59,11/5/2024,nibh in quis justo maecenas,82,266,completed
354,305,1/3/2024,orci luctus et ultrices,262,361,completed
355,390,24/9/2024,orci luctus et ultrices posuere,275,500,failed
356,385,27/12/2023,erat curabitur gravida nisi at nibh in hac habitasse platea,486,130,failed
357,172,22/1/2024,ultrices aliquet maecenas leo odio condimentum id luctus nec,380,246,completed
358,381,19/2/2024,aliquet massa id lobortis convallis tortor risus dapibus,303,461,completed
359,61,10/8/2024,accumsan felis ut at dolor quis odio consequat,256,489,completed
360,475,8/10/2024,lectus aliquam sit amet,383,482,failed
361,10,12/10/2024,ligula sit amet eleifend,266,72,failed
362,363,10/7/2024,eu interdum eu tincidunt in leo,498,291,failed
363,32,28/4/2024,luctus et ultrices posuere cubilia curae donec pharetra magna,470,158,completed
364,485,1/3/2024,diam neque vestibulum eget vulputate ut ultrices vel augue,495,476,completed
365,132,27/8/2024,ornare consequat lectus in est risus,273,314,completed
366,293,6/5/2024,felis eu sapien cursus vestibulum,165,253,completed
367,54,7/1/2024,nascetur ridiculus mus etiam,143,313,failed
368,356,8/12/2023,posuere cubilia curae,230,276,failed
369,55,13/9/2024,nulla elit ac nulla sed vel enim sit amet,352,100,failed
370,438,9/10/2024,quam nec dui luctus rutrum nulla,46,456,completed
371,435,15/3/2024,nisi vulputate nonummy maecenas tincidunt lacus at,155,283,failed
372,240,31/5/2024,congue diam id ornare imperdiet sapien,218,148,completed
373,285,29/8/2024,vel sem sed sagittis nam,62,412,failed
374,224,3/1/2024,non mattis pulvinar,469,191,completed
375,436,29/4/2024,massa donec dapibus duis at velit eu est congue,143,326,failed
376,492,1/5/2024,in sagittis dui vel nisl duis ac nibh fusce,76,389,completed
377,128,12/4/2024,vulputate justo in blandit ultrices enim lorem,79,384,failed
378,50,10/1/2024,nec nisi volutpat eleifend donec ut dolor,359,204,completed
379,488,5/7/2024,vestibulum sit amet cursus id turpis integer aliquet massa,370,57,failed
380,155,1/8/2024,porttitor lorem id ligula suspendisse ornare,58,271,completed
381,135,29/8/2024,ornare imperdiet sapien urna pretium nisl ut volutpat sapien arcu,298,190,completed
382,411,25/7/2024,amet sem fusce consequat nulla nisl nunc nisl,438,85,completed
383,272,6/5/2024,platea dictumst morbi vestibulum velit id,397,358,completed
384,485,25/5/2024,turpis donec posuere metus,125,278,completed
385,121,13/11/2024,diam in magna bibendum imperdiet nullam,22,281,failed
386,241,26/2/2024,lectus vestibulum quam sapien varius ut blandit non interdum in,194,498,failed
387,455,10/2/2024,pede lobortis ligula sit amet eleifend pede,146,160,completed
388,70,16/6/2024,duis aliquam convallis nunc proin at,481,403,completed
389,441,25/3/2024,lobortis vel dapibus at diam nam tristique tortor eu,188,231,failed
390,242,26/8/2024,ipsum primis in faucibus orci luctus et,55,270,completed
391,69,12/8/2024,eget tincidunt eget,372,120,failed
392,391,8/3/2024,tempus vivamus in felis eu sapien cursus vestibulum,187,36,completed
393,332,12/6/2024,ac enim in tempor turpis nec euismod scelerisque quam turpis,200,497,failed
394,492,30/6/2024,ac est lacinia nisi venenatis tristique fusce congue diam,11,37,failed
395,133,9/11/2024,pede ullamcorper augue a suscipit,259,153,completed
396,314,14/5/2024,quisque porta volutpat erat quisque erat eros,275,104,completed
397,188,8/12/2023,luctus rutrum nulla tellus in sagittis dui,158,111,completed
398,252,10/7/2024,eleifend luctus ultricies,300,317,failed
399,350,25/5/2024,ligula nec sem duis aliquam convallis nunc proin at turpis,335,466,failed
400,343,9/4/2024,mauris laoreet ut rhoncus aliquet pulvinar,131,63,failed
401,384,20/11/2024,lacinia aenean sit amet justo morbi ut odio cras mi,28,225,completed
402,423,2/8/2024,lectus pellentesque eget,7,418,completed
403,446,20/6/2024,nec molestie sed justo pellentesque viverra pede ac diam,349,245,completed
404,385,4/12/2023,blandit mi in porttitor pede,438,256,completed
405,275,28/8/2024,placerat praesent blandit nam nulla integer pede justo lacinia eget,40,108,completed
406,394,14/2/2024,in magna bibendum imperdiet,21,349,failed
407,292,3/5/2024,dolor vel est donec odio justo sollicitudin ut suscipit,89,340,completed
408,220,4/3/2024,nullam molestie nibh in lectus,176,358,completed
409,69,23/10/2024,sed sagittis nam congue risus semper porta,337,190,completed
410,269,14/2/2024,a ipsum integer a,403,349,completed
411,426,4/12/2023,congue elementum in hac habitasse platea,100,242,completed
412,198,11/5/2024,magna ac consequat metus sapien ut,246,46,failed
413,29,13/4/2024,diam in magna bibendum imperdiet nullam orci,57,452,failed
414,72,29/11/2024,nulla dapibus dolor vel est donec,152,29,failed
415,353,5/11/2024,sed vel enim sit amet nunc viverra,293,496,failed
416,222,11/10/2024,vivamus metus arcu adipiscing molestie hendrerit at,107,226,failed
417,295,18/4/2024,non lectus aliquam sit amet diam in,275,112,completed
418,330,15/9/2024,nulla tempus vivamus in felis eu,399,366,failed
419,442,8/10/2024,etiam justo etiam pretium iaculis justo in,184,87,failed
420,498,19/2/2024,tempus vivamus in felis,210,295,failed
421,47,16/4/2024,tellus semper interdum mauris ullamcorper purus sit,307,236,completed
422,268,7/7/2024,euismod scelerisque quam,416,482,failed
423,496,3/10/2024,enim blandit mi in porttitor,162,377,failed
424,121,23/4/2024,congue eget semper,365,307,failed
425,388,26/12/2023,dictumst etiam faucibus cursus urna ut tellus nulla ut erat,376,116,failed
426,119,9/11/2024,aliquet ultrices erat tortor sollicitudin mi,386,485,failed
427,3,22/4/2024,nunc purus phasellus in,38,189,failed
428,295,29/6/2024,consectetuer eget rutrum at lorem integer tincidunt,192,424,failed
429,479,13/2/2024,ac tellus semper interdum mauris ullamcorper purus sit amet nulla,398,322,failed
430,51,24/4/2024,vitae mattis nibh ligula nec sem,338,156,completed
431,80,23/10/2024,eu mi nulla ac enim,262,336,completed
432,29,28/3/2024,consequat metus sapien ut nunc vestibulum,239,469,failed
433,320,14/4/2024,risus semper porta volutpat,173,359,completed
434,294,8/9/2024,tellus in sagittis,363,335,completed
435,274,22/4/2024,nulla ut erat id,449,115,completed
436,78,18/2/2024,dictumst maecenas ut massa quis augue luctus tincidunt nulla mollis,145,333,failed
437,236,15/8/2024,purus phasellus in felis donec,414,1,completed
438,214,9/1/2024,molestie hendrerit at vulputate vitae nisl aenean lectus pellentesque eget,451,6,failed
439,329,14/5/2024,vestibulum quam sapien varius ut blandit non interdum,195,473,failed
440,494,3/11/2024,sapien cum sociis natoque penatibus et magnis,438,35,failed
441,53,2/4/2024,cursus vestibulum proin eu mi nulla ac enim in tempor,132,369,failed
442,128,5/7/2024,pulvinar sed nisl nunc rhoncus dui vel,198,219,failed
443,206,24/1/2024,aliquam sit amet,155,71,failed
444,222,14/9/2024,ut rhoncus aliquet pulvinar sed nisl nunc rhoncus dui,113,341,failed
445,108,8/9/2024,lorem vitae mattis nibh,474,268,completed
446,452,19/4/2024,semper sapien a,367,389,completed
447,372,25/8/2024,morbi a ipsum integer a nibh in quis justo maecenas,66,49,failed
448,500,2/5/2024,tortor id nulla ultrices aliquet,194,345,completed
449,434,14/7/2024,sodales sed tincidunt eu felis,99,436,completed
450,312,25/6/2024,augue quam sollicitudin vitae,344,303,completed
451,125,24/4/2024,nisi volutpat eleifend donec ut dolor morbi vel,381,98,failed
452,277,5/8/2024,consequat nulla nisl nunc nisl duis,264,247,failed
453,490,20/9/2024,felis sed interdum venenatis turpis enim blandit,95,263,failed
454,466,19/3/2024,ut at dolor quis odio consequat varius integer ac leo,249,346,failed
455,251,22/9/2024,in tempus sit amet sem fusce consequat nulla,19,67,completed
456,139,20/6/2024,lectus vestibulum quam,92,322,completed
457,138,15/3/2024,habitasse platea dictumst morbi,292,349,failed
458,342,17/12/2023,dictumst maecenas ut massa quis augue luctus,454,500,failed
459,150,10/2/2024,eget nunc donec quis,93,365,completed
460,5,22/8/2024,turpis enim blandit mi,258,34,completed
461,300,1/10/2024,convallis eget eleifend luctus ultricies,225,457,completed
462,47,21/3/2024,maecenas rhoncus aliquam lacus morbi,260,427,completed
463,199,14/7/2024,odio porttitor id consequat in consequat ut nulla,94,373,failed
464,479,5/10/2024,integer tincidunt ante vel ipsum praesent blandit lacinia,260,389,failed
465,14,28/8/2024,blandit ultrices enim lorem ipsum dolor sit amet consectetuer adipiscing,273,481,completed
466,283,18/2/2024,ipsum primis in faucibus orci luctus et,444,280,failed
467,116,31/12/2023,consectetuer eget rutrum at,316,149,completed
468,245,17/6/2024,nulla sed accumsan felis ut,306,193,completed
469,440,5/7/2024,nullam porttitor lacus at,371,241,failed
470,454,24/10/2024,curae duis faucibus,229,230,failed
471,8,15/12/2023,odio consequat varius integer,443,146,completed
472,97,1/7/2024,fusce congue diam id ornare,199,171,completed
473,201,13/9/2024,erat volutpat in congue etiam justo etiam pretium iaculis justo,204,414,failed
474,263,12/12/2023,duis bibendum morbi non quam,497,466,completed
475,475,16/3/2024,libero convallis eget eleifend luctus,334,198,failed
476,96,22/5/2024,convallis nulla neque libero convallis,190,390,completed
477,306,18/11/2024,vivamus metus arcu adipiscing molestie hendrerit at vulputate,268,67,failed
478,131,24/5/2024,id massa id nisl venenatis lacinia,136,276,completed
479,181,28/12/2023,molestie lorem quisque ut erat,466,446,completed
480,225,16/11/2024,erat quisque erat eros viverra eget congue,206,129,failed
481,463,8/1/2024,eget orci vehicula condimentum curabitur in libero ut massa,134,353,completed
482,442,25/11/2024,quisque erat eros viverra,461,93,completed
483,232,8/4/2024,eu magna vulputate luctus cum sociis natoque penatibus et,191,183,failed
484,203,23/9/2024,nonummy integer non velit donec diam neque,204,479,completed
485,418,16/4/2024,gravida sem praesent id massa id nisl venenatis lacinia,246,338,completed
486,164,10/6/2024,molestie nibh in lectus,345,436,completed
487,17,12/3/2024,dapibus duis at velit eu est congue,42,28,failed
488,459,25/11/2024,vestibulum proin eu mi nulla ac enim in tempor turpis,101,425,failed
489,488,19/12/2023,platea dictumst maecenas ut massa quis augue luctus tincidunt nulla,83,28,failed
490,494,15/9/2024,placerat ante nulla justo aliquam,310,61,failed
491,346,21/9/2024,lorem id ligula suspendisse ornare,434,475,completed
492,219,16/7/2024,sed lacus morbi sem mauris,47,348,completed
493,197,19/11/2024,vestibulum ac est lacinia nisi,111,447,failed
494,330,5/5/2024,tellus nisi eu orci mauris lacinia,310,383,failed
495,52,19/4/2024,venenatis turpis enim blandit,385,35,completed
496,169,22/3/2024,in hac habitasse,369,458,failed
497,473,26/3/2024,tincidunt lacus at velit vivamus vel nulla,21,293,failed
498,111,16/1/2024,eget congue eget,285,428,completed
499,170,2/9/2024,maecenas pulvinar lobortis est phasellus sit amet erat nulla,245,189,failed
500,246,24/5/2024,tincidunt ante vel ipsum,58,80,completed
