1,211,64,245,1,quis orci eget orci vehicula condimentum curabitur in libero ut,148
2,460,475,84,4,id massa id nisl venenatis lacinia aenean sit,64
3,10,263,232,3,nec nisi volutpat eleifend donec,417
4,415,311,135,4,purus phasellus in felis donec semper sapien a,430
5,142,155,412,1,gravida nisi at nibh in hac habitasse platea dictumst,22
6,379,99,92,5,sem duis aliquam convallis nunc proin at turpis a,420
7,44,345,104,3,id nulla ultrices aliquet maecenas leo odio condimentum,357
8,100,118,96,1,quis odio consequat varius integer ac leo,372
9,100,28,194,3,lacus at velit vivamus vel nulla eget eros elementum,179
10,78,354,223,5,parturient montes nascetur ridiculus mus vivamus vestibulum sagittis sapien cum,270
11,436,226,2,5,vitae ipsum aliquam non mauris,169
12,423,85,227,4,leo rhoncus sed vestibulum sit amet cursus,46
13,4,441,489,2,eu magna vulputate luctus cum sociis natoque,365
14,320,20,171,5,nullam orci pede venenatis,117
15,389,49,45,4,non mauris morbi non lectus aliquam sit,16
16,462,284,82,2,risus semper porta volutpat quam,186
17,246,440,43,5,vitae nisi nam ultrices libero non mattis,497
18,14,299,286,3,mattis egestas metus,262
19,34,212,312,3,nulla integer pede justo lacinia eget tincidunt eget,32
20,410,222,210,5,mauris laoreet ut rhoncus,470
21,129,204,396,1,enim sit amet nunc viverra dapibus nulla suscipit ligula in,434
22,426,23,419,2,duis mattis egestas metus aenean fermentum donec ut mauris,319
23,180,202,83,2,quam fringilla rhoncus mauris enim leo,451
24,425,48,5,2,libero quis orci nullam molestie nibh in,496
25,244,479,112,2,vel nisl duis ac nibh fusce lacus,408
26,229,336,410,2,dui vel sem sed sagittis nam,71
27,333,349,379,1,odio porttitor id consequat in consequat ut nulla,417
28,368,385,314,2,at vulputate vitae nisl aenean lectus pellentesque eget nunc donec,321
29,51,94,322,1,turpis eget elit sodales scelerisque mauris sit amet eros,136
30,72,67,35,5,pretium nisl ut volutpat sapien,390
31,365,47,165,4,dolor vel est,19
32,98,385,243,2,quam sapien varius,8
33,51,126,37,5,lectus pellentesque at nulla suspendisse potenti cras in purus,348
34,117,50,195,1,et eros vestibulum ac est,431
35,277,111,28,5,amet eleifend pede libero quis orci nullam molestie nibh in,12
36,59,412,251,3,sit amet sem fusce consequat nulla nisl,184
37,455,295,254,4,vel sem sed sagittis nam congue risus semper,430
38,442,2,211,1,nascetur ridiculus mus,413
39,370,240,442,1,sed vel enim sit amet nunc viverra dapibus nulla,131
40,159,172,135,5,lectus aliquam sit amet diam,48
41,470,344,306,3,vestibulum rutrum rutrum neque,421
42,74,205,25,5,erat tortor sollicitudin,46
43,169,406,330,3,integer ac leo,422
44,221,124,94,5,bibendum felis sed interdum,201
45,35,270,473,1,sapien quis libero nullam,460
46,327,241,309,3,id nulla ultrices aliquet maecenas,443
47,451,450,1,4,cum sociis natoque penatibus et,97
48,496,261,161,2,ut volutpat sapien arcu,45
49,169,20,10,1,eu massa donec dapibus duis at velit,138
50,166,231,115,4,eu mi nulla ac enim in tempor turpis,385
51,298,12,55,3,eget semper rutrum nulla nunc purus phasellus in felis,110
52,486,169,10,5,quam a odio,348
53,445,295,75,1,consequat metus sapien ut nunc vestibulum,497
54,301,313,45,2,vivamus vestibulum sagittis sapien cum sociis natoque,360
55,156,425,371,5,eu interdum eu tincidunt in,282
56,18,374,157,4,sed lacus morbi sem mauris laoreet ut,189
57,9,243,233,1,at feugiat non pretium quis lectus,93
58,17,452,408,5,ut at dolor quis,145
59,296,314,94,3,eros suspendisse accumsan tortor quis turpis,363
60,73,498,132,4,nulla quisque arcu libero rutrum ac,332
61,49,107,459,5,lectus in est risus auctor,317
62,133,310,190,4,lacus curabitur at ipsum ac tellus semper interdum mauris,43
63,199,298,435,4,suscipit a feugiat,254
64,287,180,16,3,diam in magna bibendum imperdiet nullam orci pede venenatis non,453
65,420,244,466,2,lorem integer tincidunt ante vel ipsum,297
66,498,136,420,5,potenti cras in,128
67,259,205,330,4,ante ipsum primis in faucibus orci luctus,266
68,417,361,240,2,aliquet pulvinar sed nisl nunc,457
69,271,459,182,1,quis orci eget orci vehicula condimentum curabitur in libero ut,154
70,388,19,172,2,ullamcorper purus sit amet nulla quisque arcu libero,33
71,134,347,493,2,quis turpis sed ante,34
72,427,2,37,1,dolor sit amet consectetuer adipiscing elit proin risus,196
73,79,163,50,1,sollicitudin mi sit amet lobortis sapien sapien non mi,485
74,328,369,481,5,lectus aliquam sit amet diam in magna bibendum,380
75,297,236,320,1,nisl aenean lectus pellentesque,450
76,482,403,83,4,cubilia curae donec pharetra magna vestibulum aliquet,152
77,78,217,427,1,enim in tempor turpis nec euismod scelerisque,224
78,108,119,66,3,enim leo rhoncus sed vestibulum sit amet cursus id,283
79,314,253,232,2,at feugiat non pretium quis lectus suspendisse potenti,238
80,377,167,157,5,eu interdum eu tincidunt in leo maecenas,425
81,123,305,90,4,aliquet pulvinar sed nisl,199
82,99,79,399,2,congue eget semper rutrum nulla nunc,330
83,312,124,180,1,quis orci nullam molestie nibh in lectus pellentesque,361
84,158,198,217,5,sapien iaculis congue vivamus metus arcu adipiscing molestie hendrerit at,499
85,407,75,467,4,in leo maecenas pulvinar lobortis est phasellus sit amet,377
86,53,477,387,3,sagittis nam congue risus semper porta volutpat quam pede,43
87,359,414,235,3,aliquam non mauris morbi non lectus aliquam sit,456
88,478,372,350,4,nisl duis ac nibh,159
89,390,222,29,2,suspendisse potenti cras in purus eu magna,372
90,6,341,37,3,pede malesuada in imperdiet et commodo vulputate,233
91,154,217,373,5,nisl nunc nisl duis bibendum felis sed interdum,13
92,135,50,320,5,sed vel enim sit amet nunc viverra dapibus nulla suscipit,326
93,17,226,382,4,sed nisl nunc rhoncus dui vel sem sed sagittis nam,257
94,498,382,199,4,tincidunt nulla mollis molestie lorem quisque ut erat curabitur,121
95,407,453,30,5,enim lorem ipsum dolor sit,418
96,87,436,19,4,mattis odio donec vitae,22
97,352,369,74,3,sit amet sem fusce consequat nulla nisl nunc,78
98,497,465,238,5,sodales scelerisque mauris sit amet,199
99,464,459,350,5,odio elementum eu interdum eu tincidunt in,370
100,357,452,156,4,sem fusce consequat nulla nisl nunc nisl duis bibendum felis,28
101,17,30,251,5,in purus eu,66
102,129,18,219,4,tincidunt in leo maecenas pulvinar,369
103,6,356,494,5,felis sed lacus morbi sem mauris,368
104,335,61,251,3,sit amet sapien dignissim vestibulum vestibulum,431
105,70,211,439,1,tincidunt lacus at velit vivamus vel nulla eget eros,331
106,190,282,32,2,consectetuer eget rutrum at lorem integer tincidunt,211
107,36,130,257,5,pretium iaculis diam erat fermentum justo nec,371
108,195,460,31,3,in blandit ultrices enim lorem ipsum dolor sit,173
109,392,111,198,5,quam pede lobortis ligula,394
110,282,402,244,4,in sapien iaculis congue vivamus metus,95
111,332,223,213,3,in imperdiet et commodo vulputate justo in blandit ultrices,380
112,199,252,365,4,neque aenean auctor gravida sem,128
113,73,186,396,5,suspendisse potenti nullam porttitor lacus at,415
114,163,107,170,4,duis at velit eu est,410
115,40,37,419,4,commodo vulputate justo in blandit ultrices enim,21
116,477,480,199,2,libero nullam sit amet turpis elementum ligula vehicula consequat,224
117,448,393,277,4,ut nunc vestibulum ante ipsum primis in faucibus,349
118,76,26,296,4,diam vitae quam suspendisse potenti nullam porttitor lacus,235
119,266,493,110,2,varius nulla facilisi cras non velit nec nisi vulputate,338
120,290,479,126,3,adipiscing elit proin interdum mauris non ligula pellentesque,497
121,344,113,295,2,nec dui luctus rutrum nulla tellus in sagittis dui,296
122,241,309,76,3,ac leo pellentesque ultrices mattis odio donec vitae,226
123,218,121,166,2,faucibus orci luctus et,9
124,246,98,8,5,montes nascetur ridiculus mus etiam vel augue vestibulum rutrum rutrum,423
125,472,287,104,5,quis turpis eget elit,492
126,330,195,73,2,tempus vel pede,148
127,274,184,32,2,luctus nec molestie sed justo,142
128,497,434,363,4,sodales sed tincidunt,247
129,150,342,198,1,erat id mauris vulputate elementum nullam varius nulla facilisi,290
130,249,497,394,3,odio odio elementum eu interdum eu tincidunt,473
131,257,273,212,3,convallis morbi odio odio,350
132,146,128,380,5,ut volutpat sapien,340
133,431,411,154,3,eu massa donec,93
134,335,60,156,5,quis orci eget orci,105
135,397,172,296,3,commodo vulputate justo in blandit ultrices enim lorem ipsum dolor,335
136,336,356,420,1,mi sit amet lobortis sapien sapien non mi integer ac,49
137,67,324,335,5,consequat in consequat ut nulla sed,472
138,450,74,472,1,dapibus augue vel,299
139,177,392,91,5,eu est congue elementum in hac habitasse platea dictumst morbi,122
140,58,25,185,4,cras non velit nec nisi vulputate nonummy,245
141,272,327,487,1,risus dapibus augue vel accumsan tellus nisi eu orci mauris,264
142,188,13,369,1,est phasellus sit amet erat,257
143,251,445,169,1,elementum eu interdum eu,51
144,327,94,166,5,praesent lectus vestibulum quam sapien varius ut blandit non,99
145,43,403,239,5,sem fusce consequat nulla nisl nunc nisl,187
146,88,199,288,1,platea dictumst maecenas ut massa quis,327
147,279,159,302,2,curae donec pharetra magna vestibulum aliquet ultrices erat tortor sollicitudin,247
148,269,11,483,2,pretium nisl ut volutpat sapien arcu,309
149,55,2,23,3,hac habitasse platea dictumst etiam faucibus cursus urna ut tellus,117
150,399,172,452,1,iaculis justo in hac habitasse platea dictumst,407
151,489,2,47,4,nulla dapibus dolor vel est donec odio,471
152,452,90,5,5,eu massa donec dapibus duis at velit eu est,429
153,161,426,44,3,magnis dis parturient montes nascetur ridiculus mus etiam vel,486
154,198,107,81,1,odio curabitur convallis duis,451
155,63,193,342,5,ipsum primis in faucibus orci luctus et ultrices,34
156,455,339,280,1,id ornare imperdiet sapien urna pretium nisl ut,440
157,202,173,347,2,duis bibendum morbi non quam,240
158,166,182,220,4,est donec odio justo,348
159,328,307,92,3,eros elementum pellentesque quisque porta volutpat erat quisque erat,147
160,281,220,69,4,enim in tempor turpis nec euismod scelerisque quam,387
161,172,305,411,4,sed nisl nunc rhoncus dui vel sem,394
162,326,131,182,4,arcu adipiscing molestie,315
163,302,348,239,3,in sapien iaculis congue vivamus metus arcu adipiscing molestie hendrerit,207
164,20,299,331,3,nibh fusce lacus purus aliquet,245
165,394,63,339,5,molestie sed justo pellentesque viverra pede ac diam,323
166,186,313,450,2,odio curabitur convallis duis,139
167,133,467,285,3,elementum nullam varius nulla facilisi cras non velit,184
168,468,78,418,1,tincidunt eu felis fusce,208
169,204,309,242,2,suspendisse potenti nullam,281
170,146,65,493,5,accumsan odio curabitur convallis duis consequat dui nec,316
171,371,437,6,3,integer tincidunt ante vel ipsum praesent blandit lacinia erat,107
172,22,463,436,2,fusce posuere felis sed lacus,207
173,168,351,201,1,mattis pulvinar nulla pede,167
174,98,180,483,2,erat tortor sollicitudin,75
175,392,41,195,1,integer non velit,232
176,94,397,311,5,in tempor turpis nec euismod scelerisque quam turpis,193
177,357,22,478,4,maecenas tristique est et,473
178,92,266,440,3,nullam sit amet turpis elementum ligula vehicula consequat morbi,32
179,196,493,42,5,lorem ipsum dolor,250
180,75,464,232,3,eu tincidunt in leo maecenas pulvinar lobortis est,391
181,194,37,100,1,sodales sed tincidunt eu felis fusce,360
182,434,76,42,1,sollicitudin ut suscipit a feugiat et eros,410
183,339,2,6,3,consectetuer adipiscing elit proin interdum mauris non ligula,132
184,129,443,457,4,posuere cubilia curae nulla dapibus dolor vel est donec,130
185,302,129,427,5,condimentum curabitur in libero ut massa volutpat,166
186,399,376,252,4,ipsum primis in faucibus orci luctus et ultrices,254
187,133,307,35,5,fringilla rhoncus mauris enim,332
188,480,253,219,5,ut blandit non interdum in ante vestibulum,155
189,336,450,315,4,convallis morbi odio odio elementum eu interdum,473
190,319,468,293,5,dis parturient montes,318
191,306,116,195,3,aenean sit amet,274
192,318,180,132,2,ultrices mattis odio,116
193,481,180,376,4,rhoncus mauris enim leo rhoncus sed vestibulum sit amet,211
194,51,99,16,5,nec dui luctus,399
195,488,392,267,3,id mauris vulputate elementum nullam varius nulla facilisi cras non,487
196,318,477,331,1,duis ac nibh fusce lacus purus,184
197,361,392,472,1,aliquet pulvinar sed nisl,158
198,186,484,111,2,nascetur ridiculus mus etiam vel augue vestibulum rutrum,97
199,382,111,182,2,quisque ut erat curabitur gravida nisi at nibh,4
200,485,27,166,5,tellus semper interdum mauris ullamcorper purus sit amet nulla quisque,46
201,89,278,334,1,dui vel sem sed sagittis nam congue risus,199
202,195,319,17,1,rutrum nulla nunc purus phasellus in,353
203,394,325,162,2,luctus ultricies eu nibh,414
204,139,206,128,4,posuere cubilia curae mauris viverra diam vitae quam suspendisse potenti,207
205,322,149,175,3,rhoncus aliquet pulvinar sed nisl nunc,296
206,52,459,473,3,cubilia curae duis faucibus accumsan odio curabitur,11
207,446,414,412,4,ante nulla justo aliquam quis,267
208,500,139,104,5,vestibulum sed magna,358
209,51,354,412,5,duis bibendum felis sed interdum venenatis,354
210,266,192,455,1,sapien iaculis congue vivamus metus,33
211,369,68,61,4,lacinia erat vestibulum sed magna,477
212,293,218,51,2,ipsum primis in faucibus orci luctus et ultrices posuere cubilia,358
213,386,433,59,3,semper est quam pharetra magna ac consequat metus sapien,452
214,400,128,300,1,eu est congue elementum in hac habitasse,191
215,354,110,43,1,ultrices posuere cubilia curae nulla dapibus dolor vel est,255
216,500,342,496,5,dictumst aliquam augue quam sollicitudin vitae consectetuer eget rutrum,439
217,180,113,308,2,in hac habitasse platea,427
218,154,50,406,1,purus eu magna vulputate luctus cum sociis natoque penatibus,134
219,441,32,136,1,ligula suspendisse ornare consequat,458
220,500,209,91,2,diam erat fermentum justo nec,467
221,305,157,45,2,sagittis sapien cum sociis natoque penatibus et magnis,198
222,224,106,452,5,ullamcorper purus sit,303
223,374,177,187,5,dictumst maecenas ut massa quis augue luctus tincidunt,145
224,64,186,59,5,leo pellentesque ultrices mattis odio,481
225,58,131,408,4,vivamus metus arcu adipiscing molestie hendrerit at vulputate vitae nisl,234
226,136,202,416,5,congue diam id,69
227,355,485,368,3,auctor sed tristique in tempus sit amet,149
228,131,445,385,5,cum sociis natoque penatibus et magnis dis parturient montes,483
229,108,358,85,5,mus etiam vel augue vestibulum rutrum,389
230,182,459,436,3,dictumst maecenas ut massa quis augue luctus tincidunt nulla,171
231,317,99,249,5,hac habitasse platea dictumst maecenas ut massa quis augue,378
232,50,56,40,3,in hac habitasse platea dictumst aliquam,290
233,449,358,265,3,risus auctor sed tristique,284
234,311,349,268,5,a libero nam,134
235,150,253,453,3,ac consequat metus sapien ut nunc vestibulum ante ipsum primis,297
236,66,243,485,2,rhoncus aliquam lacus morbi quis tortor id nulla,202
237,290,453,91,4,rutrum ac lobortis vel dapibus at,40
238,42,248,284,4,sed nisl nunc rhoncus dui vel,143
239,319,176,144,2,auctor gravida sem praesent id,498
240,450,22,44,3,sollicitudin vitae consectetuer eget rutrum at,493
241,402,219,407,5,amet cursus id turpis integer aliquet,443
242,456,7,278,4,lobortis est phasellus sit,217
243,173,297,460,2,vulputate luctus cum sociis natoque penatibus et magnis,299
244,267,52,187,3,sodales sed tincidunt eu felis fusce posuere felis sed lacus,175
245,413,176,306,4,aenean lectus pellentesque eget nunc donec quis orci eget orci,316
246,46,94,20,2,nibh quisque id justo sit,250
247,121,354,15,1,mauris morbi non lectus aliquam sit amet diam in magna,141
248,406,149,396,5,sit amet eros suspendisse,154
249,110,238,106,2,turpis elementum ligula vehicula consequat morbi a,49
250,463,386,108,1,ligula suspendisse ornare consequat lectus in est risus auctor,232
251,141,17,287,5,platea dictumst morbi vestibulum velit id pretium,358
252,441,78,474,2,quam pharetra magna ac consequat metus sapien ut nunc vestibulum,330
253,265,179,65,4,erat quisque erat eros,170
254,121,93,336,4,nulla tempus vivamus in felis eu sapien,42
255,157,383,1,1,tristique fusce congue diam id,162
256,121,11,395,4,elit sodales scelerisque mauris sit amet,289
257,372,413,385,2,donec odio justo sollicitudin,449
258,304,220,129,5,augue vel accumsan tellus nisi eu,363
259,338,58,415,5,pulvinar nulla pede ullamcorper augue a,311
260,471,192,471,1,amet eros suspendisse accumsan tortor quis turpis sed ante vivamus,40
261,15,40,25,2,posuere cubilia curae mauris,456
262,454,6,302,3,vestibulum ac est lacinia nisi venenatis tristique fusce congue diam,491
263,244,49,483,3,venenatis non sodales sed tincidunt eu felis fusce,129
264,397,78,417,1,quisque ut erat,424
265,194,147,204,2,nisi volutpat eleifend donec,18
266,54,9,405,5,justo in hac,230
267,78,476,320,4,quis turpis eget,21
268,86,59,171,5,odio curabitur convallis duis consequat dui nec,476
269,444,146,53,2,justo aliquam quis turpis eget,410
270,40,28,35,3,eu magna vulputate luctus cum sociis natoque penatibus et,291
271,246,118,186,1,in porttitor pede justo eu massa donec dapibus duis,478
272,189,409,498,1,donec quis orci,462
273,315,387,71,4,non velit donec diam neque,177
274,323,308,373,3,turpis integer aliquet massa id,150
275,276,58,277,3,enim leo rhoncus sed vestibulum sit amet cursus,237
276,27,121,120,1,ultrices posuere cubilia curae nulla dapibus,324
277,20,408,407,4,id consequat in consequat,296
278,78,127,125,5,est risus auctor sed tristique in tempus sit,275
279,37,375,282,3,rhoncus mauris enim leo rhoncus sed vestibulum sit amet,223
280,247,313,63,3,sagittis sapien cum sociis,58
281,335,27,100,3,augue quam sollicitudin vitae consectetuer eget rutrum at,22
282,461,175,249,4,consequat lectus in est risus auctor sed,295
283,500,477,331,3,in faucibus orci luctus,327
284,120,500,349,5,mauris sit amet eros suspendisse accumsan,137
285,314,54,297,1,proin leo odio porttitor id,352
286,441,73,366,2,a feugiat et eros,415
287,261,153,492,5,tristique tortor eu,29
288,454,57,208,1,bibendum imperdiet nullam orci pede venenatis non,497
289,38,205,466,4,lectus in est risus auctor sed tristique in tempus,497
290,130,352,483,2,posuere nonummy integer non,488
291,28,231,437,2,lacus morbi quis tortor id nulla ultrices aliquet maecenas,292
292,321,159,244,2,in faucibus orci luctus et ultrices posuere cubilia curae donec,38
293,306,208,194,1,non velit nec nisi,149
294,422,349,31,1,ultrices erat tortor sollicitudin mi sit amet,293
295,349,74,255,4,phasellus in felis,177
296,9,393,275,4,elit proin interdum mauris non,360
297,88,375,398,2,mauris non ligula,230
298,252,123,286,1,tortor id nulla ultrices aliquet maecenas,369
299,433,25,81,1,id nisl venenatis,360
300,185,422,275,2,nisl venenatis lacinia aenean sit amet justo,58
301,439,65,421,5,velit nec nisi vulputate nonummy,240
302,63,240,337,1,sit amet sapien dignissim vestibulum vestibulum ante,376
303,10,4,388,4,justo maecenas rhoncus aliquam lacus morbi quis tortor,100
304,82,279,13,1,massa donec dapibus duis at velit eu est congue,187
305,319,434,171,4,risus semper porta volutpat quam,105
306,85,196,291,5,aliquet maecenas leo odio condimentum,199
307,414,112,233,5,condimentum neque sapien placerat ante nulla,381
308,164,325,2,2,dolor sit amet consectetuer adipiscing elit,416
309,173,171,220,2,sit amet nulla quisque arcu libero,164
310,220,283,282,3,vel sem sed sagittis nam congue,247
311,158,302,413,5,aliquet maecenas leo odio condimentum id luctus,129
312,76,136,222,4,in porttitor pede justo,5
313,204,361,102,4,volutpat quam pede lobortis ligula sit amet eleifend,376
314,494,35,73,1,amet sapien dignissim,153
315,350,158,143,5,donec odio justo sollicitudin ut,362
316,256,357,242,3,amet diam in magna,101
317,400,188,373,5,convallis duis consequat dui nec nisi volutpat eleifend donec ut,500
318,402,231,470,4,in blandit ultrices enim lorem ipsum dolor sit amet,143
319,98,218,224,5,magna at nunc commodo placerat praesent,185
320,460,70,194,4,habitasse platea dictumst aliquam augue quam,176
321,412,406,393,3,nulla nunc purus phasellus in,444
322,352,15,137,4,quis odio consequat varius,341
323,89,42,298,2,habitasse platea dictumst maecenas ut massa,54
324,201,445,232,2,nulla ac enim in tempor turpis,299
325,465,274,101,4,turpis elementum ligula vehicula consequat morbi a ipsum,490
326,397,209,182,4,diam vitae quam suspendisse potenti nullam porttitor lacus at turpis,330
327,287,297,264,2,curae donec pharetra magna,295
328,16,289,255,3,tincidunt eu felis fusce posuere felis sed lacus,190
329,284,63,289,3,at feugiat non pretium quis lectus,279
330,445,121,63,5,ante ipsum primis in faucibus orci,320
331,85,21,276,1,in hac habitasse platea dictumst etiam faucibus cursus urna ut,389
332,201,397,381,5,nec sem duis aliquam,299
333,157,435,311,4,est risus auctor sed tristique in tempus sit,299
334,113,400,103,1,ut massa quis augue luctus tincidunt nulla mollis molestie,479
335,123,280,474,4,rutrum rutrum neque aenean auctor gravida sem praesent,130
336,454,25,426,3,potenti in eleifend quam a,367
337,464,494,397,3,sit amet sapien dignissim vestibulum vestibulum ante ipsum,116
338,440,400,426,2,enim sit amet nunc viverra dapibus nulla suscipit ligula in,135
339,331,363,238,1,vestibulum rutrum rutrum neque,119
340,98,459,369,1,aliquam non mauris morbi non lectus aliquam sit amet,31
341,320,201,92,2,augue quam sollicitudin,333
342,96,234,498,5,lacinia aenean sit amet justo morbi ut odio,372
343,15,58,15,3,bibendum imperdiet nullam orci pede,477
344,171,337,485,5,amet cursus id turpis integer aliquet massa id,160
345,403,357,127,5,metus sapien ut nunc vestibulum ante ipsum primis,191
346,281,251,157,3,lorem integer tincidunt ante vel ipsum,303
347,366,78,366,5,rhoncus sed vestibulum sit amet cursus id turpis,216
348,360,60,19,1,dui maecenas tristique est et tempus semper est quam,285
349,55,129,308,3,consequat varius integer ac leo pellentesque ultrices mattis odio donec,117
350,172,320,314,4,massa tempor convallis,290
351,383,478,57,3,accumsan tortor quis turpis sed ante,475
352,442,334,439,1,phasellus in felis,454
353,114,197,316,4,eget vulputate ut ultrices,227
354,40,134,262,2,elementum ligula vehicula,103
355,58,296,493,5,suscipit nulla elit ac nulla,168
356,236,158,42,4,lobortis convallis tortor risus dapibus augue vel accumsan tellus nisi,10
357,333,388,68,3,tristique fusce congue diam id ornare imperdiet sapien,218
358,312,285,482,3,velit eu est congue elementum in,331
359,214,419,115,1,cubilia curae mauris viverra diam vitae quam,45
360,176,276,82,4,et ultrices posuere cubilia,244
361,75,2,31,5,quam sollicitudin vitae,178
362,130,185,393,5,lectus in est risus auctor sed tristique in tempus,200
363,292,175,105,4,convallis eget eleifend luctus,150
364,470,466,188,5,accumsan felis ut at dolor quis,294
365,244,335,74,5,massa donec dapibus duis at velit,422
366,488,427,78,5,tellus in sagittis dui vel nisl duis,51
367,440,471,223,3,tempus vel pede,358
368,249,184,19,2,mi integer ac neque duis bibendum morbi non quam,7
369,288,410,305,3,sapien ut nunc vestibulum,282
370,199,81,17,3,cubilia curae donec pharetra magna vestibulum,68
371,212,310,442,4,mattis egestas metus aenean fermentum donec ut mauris eget massa,28
372,382,485,271,2,nisl duis bibendum felis sed interdum,82
373,243,469,331,4,augue vestibulum ante ipsum primis in faucibus,212
374,239,461,230,2,orci luctus et ultrices posuere,14
375,292,175,50,5,enim in tempor turpis nec euismod scelerisque quam turpis adipiscing,467
376,196,218,137,5,ullamcorper augue a suscipit nulla,464
377,155,345,460,2,justo in blandit ultrices enim lorem ipsum,163
378,484,169,8,4,sed lacus morbi sem mauris laoreet ut,222
379,416,118,256,1,mattis egestas metus aenean fermentum donec ut mauris,291
380,478,265,372,3,vulputate luctus cum sociis natoque penatibus et,127
381,492,61,220,4,lorem ipsum dolor sit amet,125
382,120,465,499,3,felis donec semper sapien,249
383,448,496,209,1,sed interdum venenatis turpis enim blandit,388
384,65,134,34,2,tempus sit amet sem,135
385,139,242,294,3,mi sit amet lobortis,217
386,28,119,44,2,non interdum in ante vestibulum ante ipsum primis,177
387,478,164,409,4,diam erat fermentum justo nec condimentum neque sapien placerat,392
388,373,459,292,1,morbi ut odio cras mi,135
389,216,147,319,1,nullam orci pede venenatis non,356
390,350,167,66,3,libero non mattis pulvinar nulla pede,349
391,304,340,223,2,tincidunt in leo maecenas pulvinar lobortis est phasellus sit,220
392,448,391,347,1,tortor id nulla,33
393,367,275,326,2,sapien non mi,307
394,432,495,58,5,iaculis congue vivamus metus arcu adipiscing molestie hendrerit at vulputate,179
395,230,416,494,5,est et tempus semper est quam pharetra magna,334
396,343,442,24,5,pede libero quis orci,322
397,290,41,405,5,in ante vestibulum ante ipsum primis in,404
398,167,28,35,1,tincidunt nulla mollis,368
399,290,62,283,1,ultricies eu nibh quisque id,229
400,374,24,18,3,cursus id turpis integer aliquet massa id lobortis,268
401,290,157,379,1,metus arcu adipiscing molestie hendrerit at vulputate vitae nisl aenean,431
402,6,209,415,4,amet eleifend pede libero quis orci nullam molestie nibh in,376
403,284,40,38,5,sapien arcu sed,307
404,364,343,338,4,ultrices enim lorem ipsum dolor sit amet,215
405,331,486,446,3,sapien cum sociis natoque penatibus et magnis,354
406,46,449,436,1,mi integer ac neque duis bibendum morbi non quam nec,128
407,178,356,44,5,arcu adipiscing molestie,272
408,478,402,218,2,sed magna at nunc commodo,169
409,298,12,89,5,lectus suspendisse potenti in eleifend quam,442
410,288,269,78,3,vulputate justo in,148
411,2,115,164,5,nam dui proin leo odio porttitor id consequat in,236
412,160,370,179,5,justo maecenas rhoncus aliquam lacus morbi,72
413,305,230,83,5,ut rhoncus aliquet pulvinar sed,37
414,202,133,2,4,rutrum ac lobortis vel,499
415,152,384,402,2,rutrum nulla tellus in sagittis,448
416,288,236,16,5,non velit nec nisi vulputate nonummy maecenas,377
417,197,457,152,4,ut suscipit a,77
418,294,190,24,3,nulla suspendisse potenti cras in purus eu magna vulputate,271
419,92,373,98,5,neque aenean auctor,117
420,34,186,325,1,sodales sed tincidunt eu felis fusce posuere felis,260
421,81,165,499,3,ligula suspendisse ornare consequat,312
422,14,41,66,1,amet justo morbi ut odio cras mi pede,335
423,335,45,394,1,massa id lobortis convallis,461
424,376,147,386,3,et ultrices posuere cubilia curae nulla dapibus dolor vel,99
425,247,494,381,3,suscipit ligula in lacus,453
426,14,399,487,2,morbi non lectus,187
427,360,35,447,5,imperdiet nullam orci pede venenatis non sodales sed,434
428,432,133,413,3,vulputate elementum nullam varius nulla facilisi cras non velit nec,201
429,264,428,46,3,penatibus et magnis dis parturient,355
430,74,318,188,1,lectus pellentesque at nulla suspendisse potenti cras in purus,432
431,249,357,246,4,elementum pellentesque quisque,58
432,95,119,189,5,lacinia erat vestibulum sed,264
433,193,226,241,4,eros suspendisse accumsan tortor quis turpis sed ante,415
434,13,493,490,5,erat id mauris vulputate elementum,31
435,278,372,130,3,lorem vitae mattis nibh ligula nec,434
436,47,408,423,2,felis eu sapien cursus vestibulum proin eu,417
437,359,16,263,2,nunc vestibulum ante ipsum primis in,281
438,254,34,230,1,vitae nisl aenean lectus,325
439,483,439,73,5,ac tellus semper,410
440,218,282,91,2,erat vestibulum sed magna at nunc commodo placerat praesent,24
441,50,266,395,5,vel pede morbi porttitor lorem,169
442,321,202,204,5,a pede posuere nonummy integer non velit donec diam,73
443,379,6,286,2,nascetur ridiculus mus etiam,356
444,410,70,500,3,risus auctor sed tristique in tempus sit amet sem,37
445,19,418,283,3,et ultrices posuere cubilia curae duis faucibus accumsan,280
446,34,327,17,3,eget orci vehicula,352
447,265,252,395,4,semper sapien a libero nam dui,461
448,1,269,93,3,aliquam convallis nunc proin,72
449,324,448,428,5,in quam fringilla rhoncus mauris,485
450,379,134,373,5,iaculis diam erat fermentum justo nec condimentum neque sapien,288
451,166,229,367,4,duis consequat dui nec nisi volutpat eleifend donec,304
452,109,323,472,1,integer ac neque duis,41
453,477,138,489,5,suscipit a feugiat et eros,1
454,392,147,140,5,elit proin risus,429
455,298,136,266,2,sapien quis libero nullam sit,273
456,479,496,395,4,consequat nulla nisl nunc nisl duis,251
457,455,40,89,2,neque sapien placerat ante nulla justo aliquam quis turpis eget,387
458,220,239,218,5,id justo sit amet sapien dignissim vestibulum vestibulum ante ipsum,136
459,208,414,134,3,in hac habitasse platea,10
460,19,224,453,3,pede venenatis non sodales sed,381
461,164,430,396,4,justo eu massa donec dapibus duis at velit,1
462,36,146,117,1,amet consectetuer adipiscing elit proin interdum,465
463,309,165,1,5,vel sem sed sagittis nam congue risus,228
464,261,321,38,1,dolor vel est donec,5
465,257,379,249,5,aenean fermentum donec ut mauris eget massa,205
466,77,201,56,1,nibh in hac habitasse platea dictumst aliquam augue quam sollicitudin,489
467,422,375,491,3,mauris sit amet,212
468,383,392,462,1,non sodales sed tincidunt eu,430
469,103,357,35,2,placerat praesent blandit,497
470,339,167,313,5,nunc purus phasellus in felis,122
471,57,413,264,1,porttitor pede justo eu massa donec dapibus,378
472,130,271,147,3,phasellus sit amet erat,437
473,252,126,455,3,primis in faucibus orci luctus et ultrices,262
474,329,472,213,3,tellus semper interdum mauris ullamcorper purus,343
475,171,287,493,4,nullam sit amet turpis elementum ligula vehicula,77
476,96,223,166,1,duis faucibus accumsan odio curabitur convallis duis consequat dui nec,251
477,402,440,171,4,diam cras pellentesque volutpat dui maecenas,337
478,364,84,232,4,accumsan tellus nisi eu orci mauris lacinia sapien,243
479,421,324,148,5,in leo maecenas pulvinar lobortis,276
480,133,413,369,5,mauris morbi non lectus,216
481,371,432,463,1,elit proin risus praesent lectus vestibulum,96
482,371,48,201,2,lobortis convallis tortor,430
483,95,55,229,2,tortor id nulla ultrices aliquet maecenas,117
484,59,31,247,1,sapien quis libero nullam sit amet turpis elementum ligula vehicula,19
485,26,495,441,3,sodales sed tincidunt eu felis fusce posuere felis sed,348
486,227,117,359,2,blandit mi in porttitor,93
487,138,376,297,4,condimentum id luctus nec molestie sed,288
488,24,313,488,2,vel nisl duis ac nibh fusce lacus purus,407
489,146,65,352,1,dui vel sem sed sagittis,139
490,72,86,304,1,nulla suspendisse potenti cras in,255
491,180,312,23,4,placerat ante nulla,375
492,373,319,451,3,vestibulum ante ipsum,185
493,146,53,286,2,posuere cubilia curae donec pharetra magna,385
494,196,47,314,4,nulla tempus vivamus in,123
495,360,3,47,2,pede libero quis orci nullam molestie nibh in lectus,183
496,179,24,284,2,ipsum dolor sit,148
497,160,174,168,5,justo aliquam quis turpis,325
498,235,81,140,5,eget eleifend luctus ultricies eu nibh,308
499,483,53,173,4,convallis eget eleifend luctus ultricies eu nibh,439
500,185,340,126,4,dolor quis odio consequat varius integer ac leo,106
